{"cameraMode":{"drawMode":0,"name":"Shaded","section":"Shading Mode"},"sceneLighting":false,"audioPlay":false,"sceneViewState":{"m_AlwaysRefresh":false,"showFog":true,"showSkybox":true,"showFlares":true,"showImageEffects":true,"showParticleSystems":true,"showVisualEffectGraphs":true,"m_FxEnabled":true},"in2DMode":false,"pivot":{"x":-42.407108306884769,"y":-3.018609046936035,"z":41.852943420410159},"rotation":{"x":0.07223987579345703,"y":-0.01315488200634718,"z":0.0009571845293976367,"w":0.9972970485687256},"size":17.325178146362306,"orthographic":false}